﻿{
  //Shared
  "ID": "player id",



  //Texts

  "MenuMainTitle": "VORP AdminMenu",
  "MenuMainDesc": "AdminMenu",



  "MenuAdministrationTitle": "Administration",
  "MenuAdministrationDesc": "Administration menu",


  "KickPlayerTitle": "Kick Player",
  "KickPlayerDesc": "Press here to kick a player form the server or: Command:/k id.",

  "BanPlayerTitle": "Ban Player",
  "BanPlayerDesc": "Press here to ban a player form the server or: Command Example:/ban 1 1H reason.",
  "BanPlayerTime": " Example:/ban 1 1H reason",
  "BanPlayerReason": "Reason",
  "YouArePermanentBanned": "You have a permanent ban.",
  "YouAreTempBanned": "Your ban expires in {0} days {1} hours {2} minutes.",
  "YouHasBeenBanned": "You has been banned for ({0}) | Expire: ({1})",
  "Permament": "Permanent",
  "SyntaxIncorrect": "Please use the correct sintax [ 0 = Permanente, 10Y = 10 Años, 10M = 10 Meses, 10D = 10 Dias, 10H = 10 Horas, 10m = 10 Minutos ]",

  "ReviveTitle": "Revive Player",
  "ReviveDesc": "Revive a player",

  "HealTitle": "Heal a Player",
  "HealDesc": "Heal a player",

  "FreezeTitle": "Freeze",
  "FreezeDesc": "Freeze a player",

  "SlapTitle": "Slap",
  "SlapDesc": "Slap a player",

  "LightningTitle": "Lightning",
  "LightningDesc": "Throw a lightning",

  "FireTitle": "Fire",
  "FireDesc": "Burn a player to death",

  "SpectateTitle": "Spectate",
  "SpectateDesc": "Spectate a player",

  "SpectateTitleOff": "Spectate Off",
  "SpectateDescOff": "Stop spectate",

  "PlayersBlipsTitle": "Players in map",
  "PlayersBlipsDesc": "See all players in map",

  "PlayersListTitle": "Players",
  "PlayersListDesc": "Players list",

  "MenuNotificationsTitle": "Notifications",
  "MenuNotificationsDesc": "Notifications menu",

  "MenuBoostersTitle": "Boosters",
  "MenuBoostersDesc": "Boosters menu",

  "GodModeTitle": "Godmode",
  "GodModeDesc": "Godmode",

  "ThorTitle": "Thor",
  "ThorDesc": "Thor",

  "NoClipTitle": "Noclip",
  "NoClipDesc": "Noclip",

  "NoClip2Title": "NoclipV2",
  "NoClip2Desc": "Improved noclip",

  "GoldenTitle": "Golden",
  "GoldenDesc": "Golden mode",

  "HorseTitle": "Horse",
  "HorseDesc": "Spawn a horse",
  "VehicleTitle": "Vehicle",
  "VehicleDesc": "Spawn a vehicle",

  "InfiniteAmmoOnTitle": "Infinite Ammo On",
  "InfiniteAmmoOnDesc": "Turn On",
  "InfiniteAmmoOffTitle": "Infinite Ammo Off",
  "InfiniteAmmoOffDesc": "Turn Off",

  "Quantity": "quantity",

  "MenuDatabaseTitle": "Database",
  "MenuDatabaseDesc": "Database menu",

  "AddMoneyTitle": "Add money",
  "AddMoneyDesc": "Add money",

  "TypeOfMoneyTitle": "Type:0-dollar,1-gold,2-rolpoints",
  "TypeOfMoneyDesc": "type",

  "DelMoneyTitle": "Del money",
  "DelMoneyDesc": "Del money",

  "AddXpTitle": "Add Xp",
  "AddXpDesc": "Add Xp",

  "DelXpTitle": "Del Xp",
  "DelXpDesc": "Del Xp",

  "AddItemTitle": "Add Item",
  "AddItemDesc": "Add Item",

  "ItemName": "Item name",

  "AddWeaponTitle": "Add Weapon",
  "AddWeaponDesc": "Add weapon",

  "WeaponName": "Weapon name",
  "Weaponammo": "Weapon ammo",

  "InventoryTitle": "Inventory",
  "InventoryListTitle": "Inventory",
  "InventoryListDesc": "Inventory",

  "LoadingTitle": "Loading",
  "LoadingDesc": "Loading",

  "NeedWeaponOnHand": "You have to hold a weapon in your hands",



  "PrivateMessageTitle": "Private message to a player",
  "PrivateMessageDesc": "Press here to send a private message",
  "PMDesc": "message",
  "BroadcastMessageTitle": "Broadcast message",
  "BroadcastMessageDesc": "Press here to send a broadcast message",
  "BMDesc": "message",

  "MenuTeleportsTitle": "Teleports",
  "MenuTeleportsDesc": "Teleports menu",

  "TpToCursorTitle": "Tp to cursor",
  "TpToCursorDesc": "Teleport to cursor.",
  "TpToWaypointTitle": "Tp to Waypoint",
  "TpToWaypointDesc": "Teleport to wayPoint.\nAdd a waypoint on the map before",
  "TpToCoordsTitle": "Tp to Coords",
  "TpToCoordsDesc": "Teleport to coords.",
  "TpToPlayerTitle": "Tp to player",
  "TpToPlayerDesc": "Teleport to player.",
  "BringPlayerTitle": "Bring player",
  "BringPlayerDesc": "Bring player.",
  "TpBackTitle": "Go back to first tp",
  "TpBackDesc": "Teleport back to the first tp and delete the blip in the map.",
  "DelBackTitle": "Delete coords of first tp",
  "DelBackDesc": "Delete the mark and position of the first tp position.",
  "GuarmaTitle": "Guarma",
  "GuarmaDesc": "Teleport to guarma map. Use again to come back to the normal map"
}
